board,part,kind,nominal,tolerance_gate,measured,pass,pile
"{7,3} L=2",R000,R,100000.0,2 %,,,
"{7,3} L=2",R001,R,100000.0,2 %,,,
"{7,3} L=2",R002,R,100000.0,2 %,,,
"{7,3} L=2",R003,R,100000.0,2 %,,,
"{7,3} L=2",R004,R,100000.0,2 %,,,
"{7,3} L=2",R005,R,100000.0,2 %,,,
"{7,3} L=2",R006,R,100000.0,2 %,,,
"{7,3} L=2",R007,R,100000.0,2 %,,,
"{7,3} L=2",R008,R,100000.0,2 %,,,
"{7,3} L=2",R009,R,100000.0,2 %,,,
"{7,3} L=2",R010,R,100000.0,2 %,,,
"{7,3} L=2",R011,R,100000.0,2 %,,,
"{7,3} L=2",R012,R,100000.0,2 %,,,
"{7,3} L=2",R013,R,100000.0,2 %,,,
"{7,3} L=2",R014,R,100000.0,2 %,,,
"{7,3} L=2",R015,R,100000.0,2 %,,,
"{7,3} L=2",R016,R,100000.0,2 %,,,
"{7,3} L=2",R017,R,100000.0,2 %,,,
"{7,3} L=2",R018,R,100000.0,2 %,,,
"{7,3} L=2",R019,R,100000.0,2 %,,,
"{7,3} L=2",R020,R,100000.0,2 %,,,
"{7,3} L=2",R021,R,100000.0,2 %,,,
"{7,3} L=2",R022,R,100000.0,2 %,,,
"{7,3} L=2",R023,R,100000.0,2 %,,,
"{7,3} L=2",R024,R,100000.0,2 %,,,
"{7,3} L=2",R025,R,100000.0,2 %,,,
"{7,3} L=2",R026,R,100000.0,2 %,,,
"{7,3} L=2",R027,R,100000.0,2 %,,,
"{7,3} L=2",R028,R,100000.0,2 %,,,
"{7,3} L=2",R029,R,100000.0,2 %,,,
"{7,3} L=2",R030,R,100000.0,2 %,,,
"{7,3} L=2",R031,R,100000.0,2 %,,,
"{7,3} L=2",R032,R,100000.0,2 %,,,
"{7,3} L=2",R033,R,100000.0,2 %,,,
"{7,3} L=2",R034,R,100000.0,2 %,,,
"{7,3} L=2",R035,R,100000.0,2 %,,,
"{7,3} L=2",R036,R,100000.0,2 %,,,
"{7,3} L=2",R037,R,100000.0,2 %,,,
"{7,3} L=2",R038,R,100000.0,2 %,,,
"{7,3} L=2",R039,R,100000.0,2 %,,,
"{7,3} L=2",R040,R,100000.0,2 %,,,
"{7,3} L=2",R041,R,100000.0,2 %,,,
"{7,3} L=2",R042,R,100000.0,2 %,,,
"{7,3} L=2",R043,R,100000.0,2 %,,,
"{7,3} L=2",R044,R,100000.0,2 %,,,
"{7,3} L=2",R045,R,100000.0,2 %,,,
"{7,3} L=2",R046,R,100000.0,2 %,,,
"{7,3} L=2",R047,R,100000.0,2 %,,,
"{7,3} L=2",R048,R,100000.0,2 %,,,
"{7,3} L=2",R049,R,100000.0,2 %,,,
"{7,3} L=2",R050,R,100000.0,2 %,,,
"{7,3} L=2",R051,R,100000.0,2 %,,,
"{7,3} L=2",R052,R,100000.0,2 %,,,
"{7,3} L=2",R053,R,100000.0,2 %,,,
"{7,3} L=2",R054,R,100000.0,2 %,,,
"{7,3} L=2",R055,R,100000.0,2 %,,,
"{7,3} L=2",R056,R,100000.0,2 %,,,
"{7,3} L=2",R057,R,100000.0,2 %,,,
"{7,3} L=2",R058,R,100000.0,2 %,,,
"{7,3} L=2",R059,R,100000.0,2 %,,,
"{7,3} L=2",R060,R,100000.0,2 %,,,
"{7,3} L=2",R061,R,100000.0,2 %,,,
"{7,3} L=2",R062,R,100000.0,2 %,,,
"{7,3} L=2",R063,R,100000.0,2 %,,,
"{7,3} L=2",R064,R,100000.0,2 %,,,
"{7,3} L=2",R065,R,100000.0,2 %,,,
"{7,3} L=2",R066,R,100000.0,2 %,,,
"{7,3} L=2",R067,R,100000.0,2 %,,,
"{7,3} L=2",R068,R,100000.0,2 %,,,
"{7,3} L=2",R069,R,100000.0,2 %,,,
"{7,3} L=2",R070,R,100000.0,2 %,,,
"{7,3} L=2",R071,R,100000.0,2 %,,,
"{7,3} L=2",R072,R,100000.0,2 %,,,
"{7,3} L=2",R073,R,100000.0,2 %,,,
"{7,3} L=2",R074,R,100000.0,2 %,,,
"{7,3} L=2",R075,R,100000.0,2 %,,,
"{7,3} L=2",R076,R,100000.0,2 %,,,
"{7,3} L=2",R077,R,100000.0,2 %,,,
"{7,3} L=2",R078,R,100000.0,2 %,,,
"{7,3} L=2",R079,R,100000.0,2 %,,,
"{7,3} L=2",R080,R,100000.0,2 %,,,
"{7,3} L=2",R081,R,100000.0,2 %,,,
"{7,3} L=2",R082,R,100000.0,2 %,,,
"{7,3} L=2",R083,R,100000.0,2 %,,,
"{7,3} L=2",R084,R,100000.0,2 %,,,
"{7,3} L=2",R085,R,100000.0,2 %,,,
"{7,3} L=2",R086,R,100000.0,2 %,,,
"{7,3} L=2",R087,R,100000.0,2 %,,,
"{7,3} L=2",R088,R,100000.0,2 %,,,
"{7,3} L=2",R089,R,100000.0,2 %,,,
"{7,3} L=2",R090,R,100000.0,2 %,,,
"{7,3} L=2",R091,R,100000.0,2 %,,,
"{7,3} L=2",R092,R,100000.0,2 %,,,
"{7,3} L=2",R093,R,100000.0,2 %,,,
"{7,3} L=2",R094,R,100000.0,2 %,,,
"{7,3} L=2",R095,R,100000.0,2 %,,,
"{7,3} L=2",R096,R,100000.0,2 %,,,
"{7,3} L=2",R097,R,100000.0,2 %,,,
"{7,3} L=2",R098,R,100000.0,2 %,,,
"{7,3} L=2",R099,R,100000.0,2 %,,,
"{7,3} L=2",R100,R,100000.0,2 %,,,
"{7,3} L=2",R101,R,100000.0,2 %,,,
"{7,3} L=2",R102,R,100000.0,2 %,,,
"{7,3} L=2",R103,R,100000.0,2 %,,,
"{7,3} L=2",R104,R,100000.0,2 %,,,
"{7,3} L=2",R105,R,100000.0,2 %,,,
"{7,3} L=2",R106,R,100000.0,2 %,,,
"{7,3} L=2",R107,R,100000.0,2 %,,,
"{7,3} L=2",R108,R,100000.0,2 %,,,
"{7,3} L=2",R109,R,100000.0,2 %,,,
"{7,3} L=2",R110,R,100000.0,2 %,,,
"{7,3} L=2",R111,R,100000.0,2 %,,,
"{7,3} L=2",R112,R,100000.0,2 %,,,
"{7,3} L=2",R113,R,100000.0,2 %,,,
"{7,3} L=2",R114,R,100000.0,2 %,,,
"{7,3} L=2",R115,R,100000.0,2 %,,,
"{7,3} L=2",R116,R,100000.0,2 %,,,
"{7,3} L=2",R117,R,100000.0,2 %,,,
"{7,3} L=2",R118,R,100000.0,2 %,,,
"{7,3} L=2",R119,R,100000.0,2 %,,,
"{7,3} L=2",R120,R,100000.0,2 %,,,
"{7,3} L=2",R121,R,100000.0,2 %,,,
"{7,3} L=2",R122,R,100000.0,2 %,,,
"{7,3} L=2",R123,R,100000.0,2 %,,,
"{7,3} L=2",R124,R,100000.0,2 %,,,
"{7,3} L=2",R125,R,100000.0,2 %,,,
"{7,3} L=2",R126,R,100000.0,2 %,,,
"{7,3} L=2",R127,R,100000.0,2 %,,,
"{7,3} L=2",R128,R,100000.0,2 %,,,
"{7,3} L=2",R129,R,100000.0,2 %,,,
"{7,3} L=2",R130,R,100000.0,2 %,,,
"{7,3} L=2",R131,R,100000.0,2 %,,,
"{7,3} L=2",R132,R,100000.0,2 %,,,
"{7,3} L=2",R133,R,100000.0,2 %,,,
"{7,3} L=2",R134,R,100000.0,2 %,,,
"{7,3} L=2",R135,R,100000.0,2 %,,,
"{7,3} L=2",R136,R,100000.0,2 %,,,
"{7,3} L=2",R137,R,100000.0,2 %,,,
"{7,3} L=2",R138,R,100000.0,2 %,,,
"{7,3} L=2",R139,R,100000.0,2 %,,,
"{7,3} L=2",C000,C,1e-06,10 %,,,
"{7,3} L=2",C001,C,1e-06,10 %,,,
"{7,3} L=2",C002,C,1e-06,10 %,,,
"{7,3} L=2",C003,C,1e-06,10 %,,,
"{7,3} L=2",C004,C,1e-06,10 %,,,
"{7,3} L=2",C005,C,1e-06,10 %,,,
"{7,3} L=2",C006,C,1e-06,10 %,,,
"{7,3} L=2",C007,C,1e-06,10 %,,,
"{7,3} L=2",C008,C,1e-06,10 %,,,
"{7,3} L=2",C009,C,1e-06,10 %,,,
"{7,3} L=2",C010,C,1e-06,10 %,,,
"{7,3} L=2",C011,C,1e-06,10 %,,,
"{7,3} L=2",C012,C,1e-06,10 %,,,
"{7,3} L=2",C013,C,1e-06,10 %,,,
"{7,3} L=2",C014,C,1e-06,10 %,,,
"{7,3} L=2",C015,C,1e-06,10 %,,,
"{7,3} L=2",C016,C,1e-06,10 %,,,
"{7,3} L=2",C017,C,1e-06,10 %,,,
"{7,3} L=2",C018,C,1e-06,10 %,,,
"{7,3} L=2",C019,C,1e-06,10 %,,,
"{7,3} L=2",C020,C,1e-06,10 %,,,
"{7,3} L=2",C021,C,1e-06,10 %,,,
"{7,3} L=2",C022,C,1e-06,10 %,,,
"{7,3} L=2",C023,C,1e-06,10 %,,,
"{7,3} L=2",C024,C,1e-06,10 %,,,
"{7,3} L=2",C025,C,1e-06,10 %,,,
"{7,3} L=2",C026,C,1e-06,10 %,,,
"{7,3} L=2",C027,C,1e-06,10 %,,,
"{7,3} L=2",C028,C,1e-06,10 %,,,
"{7,3} L=2",C029,C,1e-06,10 %,,,
"{7,3} L=2",C030,C,1e-06,10 %,,,
"{7,3} L=2",C031,C,1e-06,10 %,,,
"{7,3} L=2",C032,C,1e-06,10 %,,,
"{7,3} L=2",C033,C,1e-06,10 %,,,
"{7,3} L=2",C034,C,1e-06,10 %,,,
"{7,3} L=2",Rcal,R,100000,2 %,,,calibration cell
"{7,3} L=2",Ccal,C,1e-06,10 %,,,calibration cell
square R=6,R000,R,100000.0,2 %,,,
square R=6,R001,R,100000.0,2 %,,,
square R=6,R002,R,100000.0,2 %,,,
square R=6,R003,R,100000.0,2 %,,,
square R=6,R004,R,100000.0,2 %,,,
square R=6,R005,R,100000.0,2 %,,,
square R=6,R006,R,100000.0,2 %,,,
square R=6,R007,R,100000.0,2 %,,,
square R=6,R008,R,100000.0,2 %,,,
square R=6,R009,R,100000.0,2 %,,,
square R=6,R010,R,100000.0,2 %,,,
square R=6,R011,R,100000.0,2 %,,,
square R=6,R012,R,100000.0,2 %,,,
square R=6,R013,R,100000.0,2 %,,,
square R=6,R014,R,100000.0,2 %,,,
square R=6,R015,R,100000.0,2 %,,,
square R=6,R016,R,100000.0,2 %,,,
square R=6,R017,R,100000.0,2 %,,,
square R=6,R018,R,100000.0,2 %,,,
square R=6,R019,R,100000.0,2 %,,,
square R=6,R020,R,100000.0,2 %,,,
square R=6,R021,R,100000.0,2 %,,,
square R=6,R022,R,100000.0,2 %,,,
square R=6,R023,R,100000.0,2 %,,,
square R=6,R024,R,100000.0,2 %,,,
square R=6,R025,R,100000.0,2 %,,,
square R=6,R026,R,100000.0,2 %,,,
square R=6,R027,R,100000.0,2 %,,,
square R=6,R028,R,100000.0,2 %,,,
square R=6,R029,R,100000.0,2 %,,,
square R=6,R030,R,100000.0,2 %,,,
square R=6,R031,R,100000.0,2 %,,,
square R=6,R032,R,100000.0,2 %,,,
square R=6,R033,R,100000.0,2 %,,,
square R=6,R034,R,100000.0,2 %,,,
square R=6,R035,R,100000.0,2 %,,,
square R=6,R036,R,100000.0,2 %,,,
square R=6,R037,R,100000.0,2 %,,,
square R=6,R038,R,100000.0,2 %,,,
square R=6,R039,R,100000.0,2 %,,,
square R=6,R040,R,100000.0,2 %,,,
square R=6,R041,R,100000.0,2 %,,,
square R=6,R042,R,100000.0,2 %,,,
square R=6,R043,R,100000.0,2 %,,,
square R=6,R044,R,100000.0,2 %,,,
square R=6,R045,R,100000.0,2 %,,,
square R=6,R046,R,100000.0,2 %,,,
square R=6,R047,R,100000.0,2 %,,,
square R=6,R048,R,100000.0,2 %,,,
square R=6,R049,R,100000.0,2 %,,,
square R=6,R050,R,100000.0,2 %,,,
square R=6,R051,R,100000.0,2 %,,,
square R=6,R052,R,100000.0,2 %,,,
square R=6,R053,R,100000.0,2 %,,,
square R=6,R054,R,100000.0,2 %,,,
square R=6,R055,R,100000.0,2 %,,,
square R=6,R056,R,100000.0,2 %,,,
square R=6,R057,R,100000.0,2 %,,,
square R=6,R058,R,100000.0,2 %,,,
square R=6,R059,R,100000.0,2 %,,,
square R=6,R060,R,100000.0,2 %,,,
square R=6,R061,R,100000.0,2 %,,,
square R=6,R062,R,100000.0,2 %,,,
square R=6,R063,R,100000.0,2 %,,,
square R=6,R064,R,100000.0,2 %,,,
square R=6,R065,R,100000.0,2 %,,,
square R=6,R066,R,100000.0,2 %,,,
square R=6,R067,R,100000.0,2 %,,,
square R=6,R068,R,100000.0,2 %,,,
square R=6,R069,R,100000.0,2 %,,,
square R=6,R070,R,100000.0,2 %,,,
square R=6,R071,R,100000.0,2 %,,,
square R=6,R072,R,100000.0,2 %,,,
square R=6,R073,R,100000.0,2 %,,,
square R=6,R074,R,100000.0,2 %,,,
square R=6,R075,R,100000.0,2 %,,,
square R=6,R076,R,100000.0,2 %,,,
square R=6,R077,R,100000.0,2 %,,,
square R=6,R078,R,100000.0,2 %,,,
square R=6,R079,R,100000.0,2 %,,,
square R=6,R080,R,100000.0,2 %,,,
square R=6,R081,R,100000.0,2 %,,,
square R=6,R082,R,100000.0,2 %,,,
square R=6,R083,R,100000.0,2 %,,,
square R=6,R084,R,100000.0,2 %,,,
square R=6,R085,R,100000.0,2 %,,,
square R=6,R086,R,100000.0,2 %,,,
square R=6,R087,R,100000.0,2 %,,,
square R=6,R088,R,100000.0,2 %,,,
square R=6,R089,R,100000.0,2 %,,,
square R=6,R090,R,100000.0,2 %,,,
square R=6,R091,R,100000.0,2 %,,,
square R=6,R092,R,100000.0,2 %,,,
square R=6,R093,R,100000.0,2 %,,,
square R=6,R094,R,100000.0,2 %,,,
square R=6,R095,R,100000.0,2 %,,,
square R=6,R096,R,100000.0,2 %,,,
square R=6,R097,R,100000.0,2 %,,,
square R=6,R098,R,100000.0,2 %,,,
square R=6,R099,R,100000.0,2 %,,,
square R=6,R100,R,100000.0,2 %,,,
square R=6,R101,R,100000.0,2 %,,,
square R=6,R102,R,100000.0,2 %,,,
square R=6,R103,R,100000.0,2 %,,,
square R=6,R104,R,100000.0,2 %,,,
square R=6,R105,R,100000.0,2 %,,,
square R=6,R106,R,100000.0,2 %,,,
square R=6,R107,R,100000.0,2 %,,,
square R=6,R108,R,100000.0,2 %,,,
square R=6,R109,R,100000.0,2 %,,,
square R=6,R110,R,100000.0,2 %,,,
square R=6,R111,R,100000.0,2 %,,,
square R=6,R112,R,100000.0,2 %,,,
square R=6,R113,R,100000.0,2 %,,,
square R=6,R114,R,100000.0,2 %,,,
square R=6,R115,R,100000.0,2 %,,,
square R=6,R116,R,100000.0,2 %,,,
square R=6,R117,R,100000.0,2 %,,,
square R=6,R118,R,100000.0,2 %,,,
square R=6,R119,R,100000.0,2 %,,,
square R=6,R120,R,100000.0,2 %,,,
square R=6,R121,R,100000.0,2 %,,,
square R=6,R122,R,100000.0,2 %,,,
square R=6,R123,R,100000.0,2 %,,,
square R=6,R124,R,100000.0,2 %,,,
square R=6,R125,R,100000.0,2 %,,,
square R=6,R126,R,100000.0,2 %,,,
square R=6,R127,R,100000.0,2 %,,,
square R=6,R128,R,100000.0,2 %,,,
square R=6,R129,R,100000.0,2 %,,,
square R=6,R130,R,100000.0,2 %,,,
square R=6,R131,R,100000.0,2 %,,,
square R=6,R132,R,100000.0,2 %,,,
square R=6,R133,R,100000.0,2 %,,,
square R=6,R134,R,100000.0,2 %,,,
square R=6,R135,R,100000.0,2 %,,,
square R=6,R136,R,100000.0,2 %,,,
square R=6,R137,R,100000.0,2 %,,,
square R=6,R138,R,100000.0,2 %,,,
square R=6,R139,R,100000.0,2 %,,,
square R=6,R140,R,100000.0,2 %,,,
square R=6,R141,R,100000.0,2 %,,,
square R=6,R142,R,100000.0,2 %,,,
square R=6,R143,R,100000.0,2 %,,,
square R=6,R144,R,100000.0,2 %,,,
square R=6,R145,R,100000.0,2 %,,,
square R=6,R146,R,100000.0,2 %,,,
square R=6,R147,R,100000.0,2 %,,,
square R=6,R148,R,100000.0,2 %,,,
square R=6,R149,R,100000.0,2 %,,,
square R=6,R150,R,100000.0,2 %,,,
square R=6,R151,R,100000.0,2 %,,,
square R=6,R152,R,100000.0,2 %,,,
square R=6,R153,R,100000.0,2 %,,,
square R=6,R154,R,100000.0,2 %,,,
square R=6,R155,R,100000.0,2 %,,,
square R=6,R156,R,100000.0,2 %,,,
square R=6,R157,R,100000.0,2 %,,,
square R=6,R158,R,100000.0,2 %,,,
square R=6,R159,R,100000.0,2 %,,,
square R=6,R160,R,100000.0,2 %,,,
square R=6,R161,R,100000.0,2 %,,,
square R=6,R162,R,100000.0,2 %,,,
square R=6,R163,R,100000.0,2 %,,,
square R=6,R164,R,100000.0,2 %,,,
square R=6,R165,R,100000.0,2 %,,,
square R=6,R166,R,100000.0,2 %,,,
square R=6,R167,R,100000.0,2 %,,,
square R=6,R168,R,100000.0,2 %,,,
square R=6,R169,R,100000.0,2 %,,,
square R=6,R170,R,100000.0,2 %,,,
square R=6,R171,R,100000.0,2 %,,,
square R=6,R172,R,100000.0,2 %,,,
square R=6,R173,R,100000.0,2 %,,,
square R=6,R174,R,100000.0,2 %,,,
square R=6,R175,R,100000.0,2 %,,,
square R=6,R176,R,100000.0,2 %,,,
square R=6,R177,R,100000.0,2 %,,,
square R=6,R178,R,100000.0,2 %,,,
square R=6,R179,R,100000.0,2 %,,,
square R=6,R180,R,100000.0,2 %,,,
square R=6,R181,R,100000.0,2 %,,,
square R=6,R182,R,100000.0,2 %,,,
square R=6,R183,R,100000.0,2 %,,,
square R=6,R184,R,100000.0,2 %,,,
square R=6,R185,R,100000.0,2 %,,,
square R=6,R186,R,100000.0,2 %,,,
square R=6,R187,R,100000.0,2 %,,,
square R=6,R188,R,100000.0,2 %,,,
square R=6,R189,R,100000.0,2 %,,,
square R=6,R190,R,100000.0,2 %,,,
square R=6,R191,R,100000.0,2 %,,,
square R=6,R192,R,100000.0,2 %,,,
square R=6,R193,R,100000.0,2 %,,,
square R=6,R194,R,100000.0,2 %,,,
square R=6,R195,R,100000.0,2 %,,,
square R=6,R196,R,100000.0,2 %,,,
square R=6,R197,R,100000.0,2 %,,,
square R=6,R198,R,100000.0,2 %,,,
square R=6,R199,R,100000.0,2 %,,,
square R=6,C010,C,1e-06,10 %,,,
square R=6,C011,C,1e-06,10 %,,,
square R=6,C012,C,1e-06,10 %,,,
square R=6,C013,C,1e-06,10 %,,,
square R=6,C014,C,1e-06,10 %,,,
square R=6,C019,C,1e-06,10 %,,,
square R=6,C020,C,1e-06,10 %,,,
square R=6,C021,C,1e-06,10 %,,,
square R=6,C022,C,1e-06,10 %,,,
square R=6,C023,C,1e-06,10 %,,,
square R=6,C024,C,1e-06,10 %,,,
square R=6,C025,C,1e-06,10 %,,,
square R=6,C029,C,1e-06,10 %,,,
square R=6,C030,C,1e-06,10 %,,,
square R=6,C031,C,1e-06,10 %,,,
square R=6,C032,C,1e-06,10 %,,,
square R=6,C033,C,1e-06,10 %,,,
square R=6,C034,C,1e-06,10 %,,,
square R=6,C035,C,1e-06,10 %,,,
square R=6,C036,C,1e-06,10 %,,,
square R=6,C037,C,1e-06,10 %,,,
square R=6,C040,C,1e-06,10 %,,,
square R=6,C041,C,1e-06,10 %,,,
square R=6,C042,C,1e-06,10 %,,,
square R=6,C043,C,1e-06,10 %,,,
square R=6,C044,C,1e-06,10 %,,,
square R=6,C045,C,1e-06,10 %,,,
square R=6,C046,C,1e-06,10 %,,,
square R=6,C047,C,1e-06,10 %,,,
square R=6,C048,C,1e-06,10 %,,,
square R=6,C052,C,1e-06,10 %,,,
square R=6,C053,C,1e-06,10 %,,,
square R=6,C054,C,1e-06,10 %,,,
square R=6,C055,C,1e-06,10 %,,,
square R=6,C056,C,1e-06,10 %,,,
square R=6,C057,C,1e-06,10 %,,,
square R=6,C058,C,1e-06,10 %,,,
square R=6,C059,C,1e-06,10 %,,,
square R=6,C060,C,1e-06,10 %,,,
square R=6,C064,C,1e-06,10 %,,,
square R=6,C065,C,1e-06,10 %,,,
square R=6,C066,C,1e-06,10 %,,,
square R=6,C067,C,1e-06,10 %,,,
square R=6,C068,C,1e-06,10 %,,,
square R=6,C069,C,1e-06,10 %,,,
square R=6,C070,C,1e-06,10 %,,,
square R=6,C071,C,1e-06,10 %,,,
square R=6,C072,C,1e-06,10 %,,,
square R=6,C075,C,1e-06,10 %,,,
square R=6,C076,C,1e-06,10 %,,,
square R=6,C077,C,1e-06,10 %,,,
square R=6,C078,C,1e-06,10 %,,,
square R=6,C079,C,1e-06,10 %,,,
square R=6,C080,C,1e-06,10 %,,,
square R=6,C081,C,1e-06,10 %,,,
square R=6,C082,C,1e-06,10 %,,,
square R=6,C083,C,1e-06,10 %,,,
square R=6,C087,C,1e-06,10 %,,,
square R=6,C088,C,1e-06,10 %,,,
square R=6,C089,C,1e-06,10 %,,,
square R=6,C090,C,1e-06,10 %,,,
square R=6,C091,C,1e-06,10 %,,,
square R=6,C092,C,1e-06,10 %,,,
square R=6,C093,C,1e-06,10 %,,,
square R=6,C098,C,1e-06,10 %,,,
square R=6,C099,C,1e-06,10 %,,,
square R=6,C100,C,1e-06,10 %,,,
square R=6,C101,C,1e-06,10 %,,,
square R=6,C102,C,1e-06,10 %,,,
square R=6,Rcal,R,100000,2 %,,,calibration cell
square R=6,Ccal,C,1e-06,10 %,,,calibration cell
