resistor,a,b,depth_class,R_nominal_ohm
R000,0,1,3,100000.0
R001,0,6,3,100000.0
R002,0,11,2,100000.0
R003,1,2,3,100000.0
R004,1,7,2,100000.0
R005,2,3,3,100000.0
R006,2,12,2,100000.0
R007,3,4,3,100000.0
R008,3,17,2,100000.0
R009,4,5,3,100000.0
R010,4,22,2,100000.0
R011,5,6,3,100000.0
R012,5,27,2,100000.0
R013,6,28,2,100000.0
R014,7,8,1,100000.0
R015,7,15,1,100000.0
R016,8,9,1,100000.0
R017,8,36,0,100000.0
R018,9,10,1,100000.0
R019,9,41,0,100000.0
R020,10,11,1,100000.0
R021,10,46,0,100000.0
R022,11,32,1,100000.0
R023,12,13,1,100000.0
R024,12,16,1,100000.0
R025,13,14,1,100000.0
R026,13,52,0,100000.0
R027,14,15,1,100000.0
R028,14,57,0,100000.0
R029,15,35,0,100000.0
R030,16,19,1,100000.0
R031,16,51,0,100000.0
R032,17,18,1,100000.0
R033,17,21,1,100000.0
R034,18,19,1,100000.0
R035,18,64,0,100000.0
R036,19,65,0,100000.0
R037,20,21,1,100000.0
R038,20,23,1,100000.0
R039,20,75,0,100000.0
R040,21,63,0,100000.0
R041,22,23,1,100000.0
R042,22,26,1,100000.0
R043,23,76,0,100000.0
R044,24,25,1,100000.0
R045,24,27,1,100000.0
R046,24,87,0,100000.0
R047,25,26,1,100000.0
R048,25,83,0,100000.0
R049,26,79,0,100000.0
R050,27,31,1,100000.0
R051,28,29,1,100000.0
R052,28,34,1,100000.0
R053,29,30,1,100000.0
R054,29,94,0,100000.0
R055,30,31,1,100000.0
R056,30,98,0,100000.0
R057,31,93,0,100000.0
R058,32,33,1,100000.0
R059,32,47,0,100000.0
R060,33,34,1,100000.0
R061,33,106,0,100000.0
R062,34,97,0,100000.0
R063,35,38,0,100000.0
R064,35,58,0,100000.0
R065,36,37,0,100000.0
R066,36,40,0,100000.0
R067,37,38,0,100000.0
R068,39,40,0,100000.0
R069,39,42,0,100000.0
R070,41,42,0,100000.0
R071,41,45,0,100000.0
R072,43,44,0,100000.0
R073,43,46,0,100000.0
R074,44,45,0,100000.0
R075,46,49,0,100000.0
R076,47,48,0,100000.0
R077,47,105,0,100000.0
R078,48,49,0,100000.0
R079,50,51,0,100000.0
R080,50,53,0,100000.0
R081,51,69,0,100000.0
R082,52,53,0,100000.0
R083,52,56,0,100000.0
R084,54,55,0,100000.0
R085,54,57,0,100000.0
R086,55,56,0,100000.0
R087,57,60,0,100000.0
R088,58,59,0,100000.0
R089,59,60,0,100000.0
R090,61,62,0,100000.0
R091,61,64,0,100000.0
R092,62,63,0,100000.0
R093,63,72,0,100000.0
R094,64,68,0,100000.0
R095,65,66,0,100000.0
R096,65,71,0,100000.0
R097,66,67,0,100000.0
R098,67,68,0,100000.0
R099,69,70,0,100000.0
R100,70,71,0,100000.0
R101,72,73,0,100000.0
R102,73,74,0,100000.0
R103,74,75,0,100000.0
R104,75,80,0,100000.0
R105,76,77,0,100000.0
R106,76,82,0,100000.0
R107,77,78,0,100000.0
R108,78,79,0,100000.0
R109,79,88,0,100000.0
R110,80,81,0,100000.0
R111,81,82,0,100000.0
R112,83,84,0,100000.0
R113,83,90,0,100000.0
R114,84,85,0,100000.0
R115,85,86,0,100000.0
R116,86,87,0,100000.0
R117,87,91,0,100000.0
R118,88,89,0,100000.0
R119,89,90,0,100000.0
R120,91,92,0,100000.0
R121,92,93,0,100000.0
R122,93,103,0,100000.0
R123,94,95,0,100000.0
R124,94,101,0,100000.0
R125,95,96,0,100000.0
R126,96,97,0,100000.0
R127,97,111,0,100000.0
R128,98,99,0,100000.0
R129,98,102,0,100000.0
R130,99,100,0,100000.0
R131,100,101,0,100000.0
R132,102,104,0,100000.0
R133,103,104,0,100000.0
R134,105,108,0,100000.0
R135,106,107,0,100000.0
R136,106,110,0,100000.0
R137,107,108,0,100000.0
R138,109,110,0,100000.0
R139,109,111,0,100000.0
