node,x,y,depth,role,degree,capacitor
0,0.2710,0.1305,3,interior,3,C000
1,0.0669,0.2932,3,interior,3,C001
2,-0.1875,0.2351,3,interior,3,C002
3,-0.3007,0.0000,3,interior,3,C003
4,-0.1875,-0.2351,3,interior,3,C004
5,0.0669,-0.2932,3,interior,3,C005
6,0.2710,-0.1305,3,interior,3,C006
7,0.1185,0.5190,2,interior,3,C007
8,0.2856,0.5931,1,interior,3,C008
9,0.4327,0.5426,1,interior,3,C009
10,0.5147,0.4104,1,interior,3,C010
11,0.4797,0.2310,2,interior,3,C011
12,-0.3319,0.4162,2,interior,3,C012
13,-0.2856,0.5931,1,interior,3,C013
14,-0.1544,0.6766,1,interior,3,C014
15,0.0000,0.6583,1,interior,3,C015
16,-0.5147,0.4104,1,interior,3,C016
17,-0.5324,-0.0000,2,interior,3,C017
18,-0.6418,0.1465,1,interior,3,C018
19,-0.6253,0.3011,1,interior,3,C019
20,-0.6253,-0.3011,1,interior,3,C020
21,-0.6418,-0.1465,1,interior,3,C021
22,-0.3319,-0.4162,2,interior,3,C022
23,-0.5147,-0.4104,1,interior,3,C023
24,-0.0000,-0.6583,1,interior,3,C024
25,-0.1544,-0.6766,1,interior,3,C025
26,-0.2856,-0.5931,1,interior,3,C026
27,0.1185,-0.5190,2,interior,3,C027
28,0.4797,-0.2310,2,interior,3,C028
29,0.5147,-0.4104,1,interior,3,C029
30,0.4327,-0.5426,1,interior,3,C030
31,0.2856,-0.5931,1,interior,3,C031
32,0.6418,0.1465,1,interior,3,C032
33,0.6940,0.0000,1,interior,3,C033
34,0.6418,-0.1465,1,interior,3,C034
35,0.0511,0.7823,0,boundary,3,
36,0.2934,0.7270,0,boundary,3,
37,0.2279,0.8008,0,boundary,2,
38,0.1421,0.8204,0,boundary,2,
39,0.4412,0.7622,0,boundary,2,
40,0.3723,0.7731,0,boundary,2,
41,0.5075,0.6364,0,boundary,3,
42,0.4911,0.7172,0,boundary,2,
43,0.6709,0.5350,0,boundary,2,
44,0.6450,0.5998,0,boundary,2,
45,0.5899,0.6383,0,boundary,2,
46,0.6435,0.4478,0,boundary,3,
47,0.7513,0.2239,0,boundary,3,
48,0.7682,0.3211,0,boundary,2,
49,0.7300,0.4004,0,boundary,2,
50,-0.5528,0.6226,0,boundary,2,
51,-0.5797,0.5277,0,boundary,3,
52,-0.3855,0.6826,0,boundary,3,
53,-0.4840,0.6775,0,boundary,2,
54,-0.2545,0.8311,0,boundary,2,
55,-0.3208,0.8202,0,boundary,2,
56,-0.3723,0.7731,0,boundary,2,
57,-0.1811,0.7936,0,boundary,3,
58,0.0000,0.8581,0,boundary,2,
59,-0.0668,0.8782,0,boundary,2,
60,-0.1313,0.8592,0,boundary,2,
61,-0.8314,0.0440,0,boundary,2,
62,-0.8314,-0.0440,0,boundary,2,
63,-0.7740,-0.1243,0,boundary,3,
64,-0.7740,0.1243,0,boundary,3,
65,-0.7334,0.3532,0,boundary,3,
66,-0.8085,0.3192,0,boundary,2,
67,-0.8413,0.2606,0,boundary,2,
68,-0.8366,0.1910,0,boundary,2,
69,-0.6709,0.5350,0,boundary,2,
70,-0.7283,0.4953,0,boundary,2,
71,-0.7536,0.4331,0,boundary,2,
72,-0.8366,-0.1910,0,boundary,2,
73,-0.8413,-0.2606,0,boundary,2,
74,-0.8085,-0.3192,0,boundary,2,
75,-0.7334,-0.3532,0,boundary,3,
76,-0.5797,-0.5277,0,boundary,3,
77,-0.5528,-0.6226,0,boundary,2,
78,-0.4840,-0.6775,0,boundary,2,
79,-0.3855,-0.6826,0,boundary,3,
80,-0.7536,-0.4331,0,boundary,2,
81,-0.7283,-0.4953,0,boundary,2,
82,-0.6709,-0.5350,0,boundary,2,
83,-0.1811,-0.7936,0,boundary,3,
84,-0.1313,-0.8592,0,boundary,2,
85,-0.0668,-0.8782,0,boundary,2,
86,0.0000,-0.8581,0,boundary,2,
87,0.0511,-0.7823,0,boundary,3,
88,-0.3723,-0.7731,0,boundary,2,
89,-0.3208,-0.8202,0,boundary,2,
90,-0.2545,-0.8311,0,boundary,2,
91,0.1421,-0.8204,0,boundary,2,
92,0.2279,-0.8008,0,boundary,2,
93,0.2934,-0.7270,0,boundary,3,
94,0.6435,-0.4478,0,boundary,3,
95,0.7300,-0.4004,0,boundary,2,
96,0.7682,-0.3211,0,boundary,2,
97,0.7513,-0.2239,0,boundary,3,
98,0.5075,-0.6364,0,boundary,3,
99,0.5899,-0.6383,0,boundary,2,
100,0.6450,-0.5998,0,boundary,2,
101,0.6709,-0.5350,0,boundary,2,
102,0.4911,-0.7172,0,boundary,2,
103,0.3723,-0.7731,0,boundary,2,
104,0.4412,-0.7622,0,boundary,2,
105,0.8366,0.1910,0,boundary,2,
106,0.8140,-0.0000,0,boundary,3,
107,0.8669,0.0632,0,boundary,2,
108,0.8711,0.1303,0,boundary,2,
109,0.8711,-0.1303,0,boundary,2,
110,0.8669,-0.0632,0,boundary,2,
111,0.8366,-0.1910,0,boundary,2,
